Name,Rank,Web_of_Science_Documents,Times_Cited,Percent_Docs_Cited,Quartile,Five_Year_Impact_Factor,Article_Influence,Category_Normalized_Citation_Impact,Cited_Half_Life,Eigenfactor,Immediacy_Index,Impact_Factor_wo_Self_Cites,Journal_Impact_Factor,Journal_Normalized_Citation_Impact,Percent_All_Open_Access_Documents,Pecent_Bronze_Documents,Percent_DOAJ_Gold_Documents,Percent_Green_Accepted_Documents,Percent_Green_Published_Documents,Percent_Other_Gold_Documents,All_Open_Access_Documents,Bronze_Documents,DOAJ_Gold_Documents,Green_Accepted_Documents,Green_Published_Documents,Other_Gold_Documents
JAMA-JOURNAL OF THE AMERICAN MEDICAL ASSOCIATION,1,18,3150,88.88888889,Q1,47.677,21.712,5.057072222,10,0.29,13.545,44.379,45.54,0.738333333,77.77777778,72.22222222,0,33.33333333,11.11111111,0,14,13,0,6,2,0
AMERICAN JOURNAL OF EPIDEMIOLOGY,2,56,3021,92.85714286,Q1,5.212,2.311,1.902685714,13.1,0.0348,1.187,4.33,4.526,0.806964286,76.78571429,69.64285714,0,1.785714286,41.07142857,3.571428571,43,39,0,1,23,2
CIRCULATION,3,17,2546,100,Q1,21.054,8.609,4.368552941,11.3,0.205,7.249,22.711,23.603,1.295294118,76.47058824,52.94117647,0,47.05882353,11.76470588,0,13,9,0,8,2,0
AMERICAN JOURNAL OF PUBLIC HEALTH,4,19,2232,94.73684211,Q1,6.006,2.576,3.802447368,10,0.0585,1.46,6.069,6.464,1.771052632,100,52.63157895,0,15.78947368,100,0,19,10,0,3,19,0
AMERICAN JOURNAL OF CLINICAL NUTRITION,5,22,1408,95.45454545,Q1,7.831,2.33,2.096418182,12,0.0453,1.696,6.504,6.766,0.910909091,63.63636364,63.63636364,0,0,59.09090909,0,14,14,0,0,13,0
ARCHIVES OF INTERNAL MEDICINE,6,13,1385,100,N/A,n/a,n/a,3.456946154,n/a,n/a,n/a,n/a,n/a,0.991538462,84.61538462,84.61538462,0,38.46153846,0,0,11,11,0,5,0,0
JOURNAL OF CLINICAL EPIDEMIOLOGY,7,7,1164,100,Q1,6.234,2.509,6.106514286,11.3,0.0284,1.734,4.387,4.952,2.517142857,0,0,0,0,0,0,0,0,0,0,0,0
DIABETES CARE,8,20,1042,95,Q1,13.054,4.376,1.750095,9.1,0.0879,5.007,15.144,16.019,0.7215,95,45,0,0,75,50,19,9,0,0,15,10
PSYCHOSOMATIC MEDICINE,9,18,1034,100,Q1,4.406,1.531,1.746238889,12.9,0.0099,0.899,3.409,3.702,1.028333333,38.88888889,0,0,38.88888889,0,0,7,0,0,7,0,0
CLINICAL CHEMISTRY,10,9,809,100,Q1,7.722,2.48,4.246644444,13.4,0.0203,1.933,6.886,7.292,1.704444444,88.88888889,88.88888889,0,22.22222222,0,0,8,8,0,2,0,0
EPIDEMIOLOGY,11,3,758,100,Q1,5.834,2.533,9.845866667,10.5,0.0172,1.099,4.83,5.071,4.006666667,66.66666667,0,0,66.66666667,33.33333333,0,2,0,0,2,1,0
LANCET,12,1,707,100,Q1,59.345,23.354,15.0214,8.6,0.4373,15.011,59.208,60.392,2.32,0,0,0,0,0,0,0,0,0,0,0,0
INTERNATIONAL JOURNAL OF OBESITY,13,10,687,100,Q1,5.336,1.609,1.65151,10.1,0.0248,1.467,4.253,4.419,1.234,70,70,0,40,0,0,7,7,0,4,0,0
HYPERTENSION,14,20,682,100,Q1,7.206,2.438,1.48949,9.7,0.0468,1.605,6.967,7.713,0.871,85,60,0,65,15,0,17,12,0,13,3,0
SOCIAL SCIENCE & MEDICINE,15,10,614,100,Q1,4.241,1.492,2.46999,10.6,0.0505,0.68,3.223,3.616,1.523,60,0,0,50,10,0,6,0,0,5,1,0
ANNALS OF EPIDEMIOLOGY,16,14,538,92.85714286,Q2,3.076,1.244,1.1394,10.2,0.0101,0.496,2.5,2.573,1.012857143,42.85714286,0,0,42.85714286,0,0,6,0,0,6,0,0
AMERICAN JOURNAL OF RESPIRATORY AND CRITICAL CARE MEDICINE,17,8,469,100,Q1,15.303,5.706,2.1797375,9.5,0.0852,5.415,15.946,17.452,0.745,75,0,0,0,75,0,6,0,0,0,6,0
ARTERIOSCLEROSIS THROMBOSIS AND VASCULAR BIOLOGY,18,11,460,100,Q1,6.253,1.823,1.153072727,9.8,0.0321,1.862,5.196,6.604,0.685454545,90.90909091,90.90909091,0,27.27272727,0,0,10,10,0,3,0,0
JOURNAL OF THE AMERICAN COLLEGE OF CARDIOLOGY,19,11,418,81.81818182,Q1,19.035,7.72,1.445936364,7.6,0.1903,5.802,19.328,20.589,0.467272727,54.54545455,54.54545455,0,27.27272727,0,0,6,6,0,3,0,0
ATHEROSCLEROSIS,20,12,368,91.66666667,Q1,4.639,1.363,1.117758333,7.5,0.0366,1.279,3.718,3.919,1.174166667,75,0,0,75,0,8.333333333,9,0,0,9,0,1
OBESITY,21,14,326,100,Q2,4.458,1.436,1.084842857,7.4,0.0274,1.11,3.543,3.742,0.903571429,92.85714286,21.42857143,0,92.85714286,0,0,13,3,0,13,0,0
JOURNAL OF THE AMERICAN DIETETIC ASSOCIATION,22,2,320,100,N/A,n/a,n/a,5.32995,n/a,n/a,n/a,n/a,n/a,6.77,0,0,0,0,0,0,0,0,0,0,0,0
MEDICINE AND SCIENCE IN SPORTS AND EXERCISE,23,15,301,93.33333333,Q1,5.098,1.553,1.0727,12,0.0288,1.211,3.793,4.029,0.612666667,66.66666667,0,0,66.66666667,0,0,10,0,0,10,0,0
JOURNAL OF CLINICAL ENDOCRINOLOGY & METABOLISM,24,9,294,100,Q1,5.879,1.833,1.334633333,10.7,0.0731,1.43,5.069,5.399,0.831111111,88.88888889,77.77777778,0,0,88.88888889,0,8,7,0,0,8,0
JOURNAL OF THE AMERICAN SOCIETY OF NEPHROLOGY,25,3,289,100,Q1,9.024,3.224,4.9249,9.4,0.0574,2.295,9.004,9.274,1.5,100,100,0,0,66.66666667,0,3,3,0,0,2,0
ARTERIOSCLEROSIS,26,2,283,100,N/A,n/a,n/a,3.8879,n/a,n/a,n/a,n/a,n/a,1.715,100,100,0,0,0,0,2,2,0,0,0,0
PREVENTIVE MEDICINE,27,11,279,90.90909091,Q1,4.348,1.501,1.247818182,7.6,0.0301,0.89,3.612,3.788,0.667272727,45.45454545,0,0,45.45454545,0,0,5,0,0,5,0,0
NEW ENGLAND JOURNAL OF MEDICINE,28,1,272,100,Q1,72.098,31.319,8.7276,8.7,0.6608,19.003,73.983,74.699,0.58,100,0,0,100,0,0,1,0,0,1,0,0
JOURNAL OF LIPID RESEARCH,29,3,251,100,Q2,5.281,1.658,1.431166667,10.4,0.0224,1.423,4.292,4.483,1.813333333,33.33333333,33.33333333,0,0,0,0,1,1,0,0,0,0
AMERICAN JOURNAL OF HYPERTENSION,30,6,239,100,Q3,3.105,1.012,1.5354,9.7,0.0108,0.743,2.563,2.669,2.316666667,83.33333333,83.33333333,0,0,66.66666667,0,5,5,0,0,4,0
AMERICAN JOURNAL OF HUMAN GENETICS,31,1,236,100,Q1,10.344,5.444,4.8198,10.9,0.0601,1.891,9.922,10.502,1.86,100,0,0,0,100,0,1,0,0,0,1,0
INTERNATIONAL JOURNAL OF EPIDEMIOLOGY,32,5,232,100,Q1,9.305,4.194,1.62376,8,0.0491,1.991,7.458,7.707,1.008,80,80,0,0,60,0,4,4,0,0,3,0
SLEEP,33,4,224,100,Q1,5.823,1.891,1.7315,10.2,0.0246,1.054,4.402,4.805,1.0675,100,100,0,0,75,0,4,4,0,0,3,0
JOURNAL OF THE AMERICAN HEART ASSOCIATION,34,15,218,93.33333333,Q1,5.038,1.908,1.16624,3.2,0.0706,0.699,4.45,4.605,1.080666667,100,0,100,0,100,0,15,0,15,0,15,0
BIOLOGICAL PSYCHIATRY,35,2,217,100,Q1,12.069,4.504,2.47275,9.9,0.0539,3.378,11.715,12.095,1.095,50,0,0,50,0,0,1,0,0,1,0,0
ANNALS OF BEHAVIORAL MEDICINE,36,3,212,100,Q1,4.504,1.559,2.423866667,9.2,0.0084,1.531,4.379,4.48,1.23,0,0,0,0,0,0,0,0,0,0,0,0
BIOCHEMICAL AND BIOPHYSICAL RESEARCH COMMUNICATIONS,37,1,209,100,Q2,2.75,0.601,4.6417,10.3,0.0751,0.637,2.887,2.985,5.46,0,0,0,0,0,0,0,0,0,0,0,0
PLOS ONE,38,12,207,91.66666667,Q2,3.226,0.928,0.994558333,5.6,1.3889,0.499,2.65,2.74,0.954166667,100,0,100,0,100,0,12,0,12,0,12,0
AMERICAN JOURNAL OF PREVENTIVE MEDICINE,39,11,205,90.90909091,Q1,5.443,2.267,0.960781818,8.6,0.0402,0.857,4.206,4.42,0.527272727,63.63636364,9.090909091,0,63.63636364,0,0,7,1,0,7,0,0
ARTERIOSCLEROSIS AND THROMBOSIS,40,2,203,100,N/A,n/a,n/a,2.37175,n/a,n/a,n/a,n/a,n/a,1.36,100,100,0,0,0,0,2,2,0,0,0,0
DIABETES,41,2,200,100,Q1,8.147,2.643,2.79515,10.8,0.0533,1.785,7.517,7.72,1.21,100,50,0,50,50,50,2,1,0,1,1,1
CANCER EPIDEMIOLOGY BIOMARKERS & PREVENTION,42,2,197,100,Q1,4.898,1.84,2.16915,9.7,0.0262,0.927,4.177,4.344,1.52,0,0,0,0,0,0,0,0,0,0,0,0
CONTROLLED CLINICAL TRIALS,42,3,197,100,N/A,n/a,n/a,2.599966667,n/a,n/a,n/a,n/a,n/a,1.906666667,0,0,0,0,0,0,0,0,0,0,0,0
JAMA INTERNAL MEDICINE,44,6,196,100,Q1,19.658,9.655,3.48995,3.9,0.0862,6.273,17.89,18.652,0.745,100,66.66666667,0,50,66.66666667,0,6,4,0,3,4,0
ENVIRONMENTAL HEALTH PERSPECTIVES,44,1,196,100,Q1,10.081,2.702,7.7959,10.3,0.0345,1.102,8.01,8.382,2.4,100,0,100,0,100,0,1,0,1,0,1,0
OBSTETRICS AND GYNECOLOGY,46,5,186,100,Q1,5.618,2.216,2.1223,9.9,0.0479,1.316,4.973,5.524,1.134,100,0,0,100,0,0,5,0,0,5,0,0
AMERICAN JOURNAL OF KIDNEY DISEASES,47,6,163,100,Q1,7.217,2.715,2.014633333,10.2,0.0323,1.863,6.264,6.618,0.98,100,0,0,100,0,0,6,0,0,6,0,0
JOURNAL OF HUMAN HYPERTENSION,48,2,161,100,Q3,2.314,0.649,1.54655,9.8,0.0046,0.857,2.186,2.26,4.465,100,100,0,50,0,0,2,2,0,1,0,0
MOLECULAR MEDICINE,49,1,159,100,Q2,3.929,1.033,3.3351,8.4,0.0046,0.403,4.064,4.096,3.2,100,0,100,0,100,0,1,0,1,0,1,0
ANNALS OF INTERNAL MEDICINE,50,2,155,100,Q1,19.792,9.842,2.0901,10.6,0.0912,6.062,20.43,21.317,0.63,0,0,0,0,0,0,0,0,0,0,0,0
BRITISH MEDICAL JOURNAL,51,2,147,100,N/A,n/a,n/a,2.19885,n/a,n/a,n/a,n/a,n/a,0.885,100,50,0,0,100,0,2,1,0,0,2,0
STROKE,52,4,146,100,Q1,7.113,2.375,1.364175,10,0.078,1.107,6.463,7.19,0.72,100,75,0,100,25,0,4,3,0,4,1,0
AMERICAN JOURNAL OF CARDIOLOGY,53,5,145,100,Q2,2.805,1.007,0.78872,11.7,0.0395,0.557,2.452,2.57,0.804,40,0,0,20,20,0,2,0,0,1,1,0
DIABETOLOGIA,54,7,137,85.71428571,Q1,6.871,2.33,0.880385714,9.1,0.0407,2.129,7.322,7.518,0.53,85.71428571,85.71428571,0,85.71428571,0,0,6,6,0,6,0,0
HEALTH PSYCHOLOGY,55,4,125,100,Q1,4.416,1.657,2.346025,10.7,0.0155,0.737,2.96,3.056,1.5175,100,25,0,75,25,25,4,1,0,3,1,1
AMERICAN HEART JOURNAL,56,5,120,100,Q2,3.99,1.858,0.61978,11.5,0.0268,0.914,4.052,4.153,0.61,20,0,0,20,0,0,1,0,0,1,0,0
JOURNAL OF EPIDEMIOLOGY AND COMMUNITY HEALTH,57,5,115,100,Q1,4.159,1.527,0.9522,11.7,0.0162,0.646,3.25,3.342,0.772,100,40,0,40,60,20,5,2,0,2,3,1
RESPIRATORY RESEARCH,58,3,114,100,Q2,4.043,1.15,1.4557,5.9,0.0131,0.537,3.753,3.924,1.3,100,0,100,0,100,0,3,0,3,0,3,0
OBESITY RESEARCH,59,4,112,100,N/A,n/a,n/a,0.607575,n/a,n/a,n/a,n/a,n/a,0.49,25,0,0,25,0,0,1,0,0,1,0,0
INTERNATIONAL JOURNAL OF EATING DISORDERS,60,3,110,66.66666667,Q1,4.202,1.194,1.138766667,10.2,0.0107,1.244,3.13,3.668,0.953333333,33.33333333,0,0,33.33333333,0,0,1,0,0,1,0,0
HEALTH & PLACE,61,6,109,100,Q1,4.2,1.185,1.33825,7.5,0.0099,0.6,2.913,3.29,0.943333333,100,0,0,100,0,0,6,0,0,6,0,0
BRITISH JOURNAL OF NUTRITION,61,2,109,100,Q2,4.283,1.044,2.14305,8.9,0.0254,0.496,3.197,3.334,2.055,100,100,0,50,0,0,2,2,0,1,0,0
CIRCULATION-CARDIOVASCULAR GENETICS,63,4,107,100,Q1,4.769,2.072,0.777,5.9,0.0086,n/a,4.534,4.534,0.5025,100,100,0,100,25,0,4,4,0,4,1,0
NUTRITION,64,2,104,50,Q2,4.118,0.921,1.5595,8,0.0121,1.075,3.476,3.639,1.97,100,0,0,100,0,0,2,0,0,2,0,0
JOURNAL OF NUTRITION,65,3,103,66.66666667,Q1,5.075,1.339,1.029666667,13.6,0.0243,1.045,4.059,4.281,0.696666667,66.66666667,66.66666667,0,0,66.66666667,0,2,2,0,0,2,0
HUMAN GENETICS,66,2,98,100,Q1,4.907,2.013,1.0106,10.1,0.0134,1.037,5.561,5.743,1.305,0,0,0,0,0,0,0,0,0,0,0,0
CHEST,67,3,89,100,Q1,7.772,2.651,0.914366667,11.5,0.0466,2.536,7.909,8.308,0.653333333,66.66666667,0,0,0,66.66666667,0,2,0,0,0,2,0
HEPATOLOGY,68,1,86,100,Q1,13.663,4.439,5.0223,8.4,0.0915,4.35,14.104,14.679,1.63,100,0,0,100,0,0,1,0,0,1,0,0
JAMA CARDIOLOGY,68,3,86,100,Q1,12.275,6.756,3.374733333,2.3,0.0301,3.317,12.46,12.794,1.14,100,0,0,33.33333333,100,0,3,0,0,1,3,0
JOURNAL OF THROMBOSIS AND HAEMOSTASIS,70,3,83,100,Q1,4.564,1.586,0.667733333,8.2,0.0252,1.038,3.866,4.157,0.586666667,33.33333333,0,0,33.33333333,0,0,1,0,0,1,0,0
EUROPEAN JOURNAL OF CLINICAL NUTRITION,71,1,78,100,Q2,3.447,0.954,1.5939,10,0.0135,1.135,3.19,3.291,1.82,100,100,0,0,0,0,1,1,0,0,0,0
JACC-HEART FAILURE,71,2,78,100,Q1,8.708,3.895,2.7368,3.5,0.0192,2.648,8.201,8.75,1.27,100,100,0,50,0,0,2,2,0,1,0,0
PROCEEDINGS OF THE NATIONAL ACADEMY OF SCIENCES OF THE UNITED STATES OF AMERICA,73,1,76,100,Q1,10.62,4.448,4.666,10,0.9319,1.957,9.158,9.412,1.1,100,100,0,0,100,0,1,1,0,0,1,0
ARTHRITIS RESEARCH & THERAPY,73,2,76,100,Q1,4.686,1.365,1.37705,7.3,0.0252,0.717,3.954,4.103,1.035,100,0,100,0,100,0,2,0,2,0,2,0
AMERICAN JOURNAL OF HUMAN BIOLOGY,75,1,75,100,Q2,1.63,0.512,4.0705,9.2,0.0037,0.402,1.384,1.558,2.92,100,0,0,100,0,0,1,0,0,1,0,0
INTERNATIONAL JOURNAL OF HEALTH SERVICES,75,1,75,100,Q4,1.955,0.64,2.8603,12.7,0.0018,0.213,1.135,1.281,6.61,0,0,0,0,0,0,0,0,0,0,0,0
AMERICAN JOURNAL OF OBSTETRICS AND GYNECOLOGY,75,1,75,100,Q1,6.136,2.172,3.8533,11.6,0.0507,1.642,5.621,6.502,2.73,100,0,0,100,0,0,1,0,0,1,0,0
CARDIOVASCULAR DIABETOLOGY,78,1,72,100,Q1,5.448,1.186,5.4657,4.1,0.0114,0.831,5.253,7.332,4.16,100,0,100,0,100,0,1,0,1,0,1,0
NEUROLOGY,78,6,72,100,Q1,8.899,3.137,1.775866667,11.2,0.1035,2.111,8.26,8.77,0.71,83.33333333,0,0,0,83.33333333,0,5,0,0,0,5,0
BRAIN BEHAVIOR AND IMMUNITY,80,3,71,100,Q1,6.934,1.892,1.1076,5.6,0.0286,1.517,6.196,6.633,0.636666667,100,0,0,100,0,0,3,0,0,3,0,0
JOURNAL OF CONSULTING AND CLINICAL PSYCHOLOGY,80,1,71,100,Q1,5.879,2.178,1.4493,16.4,0.0141,0.989,4.383,4.632,0.53,0,0,0,0,0,0,0,0,0,0,0,0
EUROPEAN JOURNAL OF EPIDEMIOLOGY,82,3,70,100,Q1,7.921,3.479,0.964033333,7.7,0.0194,1.434,6.99,7.135,0.663333333,33.33333333,0,0,33.33333333,0,0,1,0,0,1,0,0
ANNALS OF NEUROLOGY,82,1,70,100,Q1,10.044,4.007,3.2063,11.2,0.0441,2.034,8.884,9.037,1.06,100,0,0,100,0,0,1,0,0,1,0,0
ENVIRONMENTAL RESEARCH,84,3,69,100,Q1,5.735,1.222,1.065566667,4.5,0.0318,1.27,5.14,5.715,1.02,66.66666667,0,0,66.66666667,0,0,2,0,0,2,0,0
ALCOHOLISM-CLINICAL AND EXPERIMENTAL RESEARCH,85,2,63,100,Q2,3.219,0.966,1.0939,10.1,0.0157,0.718,2.591,3.035,0.945,0,0,0,0,0,0,0,0,0,0,0,0
CIRCULATION-CARDIOVASCULAR IMAGING,85,2,63,100,Q1,6.395,2.733,2.0699,5.5,0.0163,1.432,5.497,5.691,1.135,100,50,0,100,0,0,2,1,0,2,0,0
JOURNAL OF INTERNAL MEDICINE,85,2,63,100,Q1,7.315,2.436,1.1264,9,0.0142,2.626,6.765,6.871,0.79,100,0,0,100,0,0,2,0,0,2,0,0
JOURNAL OF UROLOGY,88,1,61,100,Q1,5.137,1.431,2.9582,12,0.0365,1.727,5.41,5.925,2.01,100,0,0,100,0,0,1,0,0,1,0,0
ANNALS OF THE RHEUMATIC DISEASES,89,2,59,100,Q1,13.485,4.105,1.10855,7,0.0729,5,14.659,16.102,0.48,100,0,0,100,0,0,2,0,0,2,0,0
JOURNAL OF HYPERTENSION,90,4,58,75,Q1,4.15,1.232,0.48385,8.5,0.0202,1.278,3.809,4.171,0.565,25,0,0,25,0,0,1,0,0,1,0,0
MAYO CLINIC PROCEEDINGS,91,2,55,100,Q1,7.539,2.749,1.2765,8.4,0.025,1.547,6.577,6.942,0.92,50,0,0,50,0,0,1,0,0,1,0,0
JOURNAL OF THE AMERICAN SOCIETY OF ECHOCARDIOGRAPHY,92,5,54,100,Q1,6.812,2.307,0.8514,8,0.0182,1.176,4.818,5.508,0.58,100,0,0,100,0,0,5,0,0,5,0,0
ETHNICITY & HEALTH,92,1,54,100,Q1,2.729,0.939,7.7847,7.1,0.0025,1.031,2.554,2.554,3.39,100,0,0,100,0,0,1,0,0,1,0,0
ADDICTIVE BEHAVIORS,94,2,52,100,Q1,3.546,1.141,1.15385,7.3,0.023,0.93,3.249,3.645,1.025,50,0,0,50,0,0,1,0,0,1,0,0
JACC-CARDIOVASCULAR IMAGING,94,2,52,100,Q1,11.462,4.365,2.0515,4.4,0.0276,5.259,10.539,12.74,0.765,100,100,0,50,0,0,2,2,0,1,0,0
METABOLISM-CLINICAL AND EXPERIMENTAL,96,3,50,100,Q1,6.029,1.487,0.4357,9.1,0.0158,2.138,5.707,6.159,0.65,66.66666667,0,0,66.66666667,0,0,2,0,0,2,0,0
EUROPEAN HEART JOURNAL,97,1,48,100,Q1,22.162,8.262,1.2268,5.4,0.1406,10.864,20.8,22.673,0.52,0,0,0,0,0,0,0,0,0,0,0,0
PSYCHONEUROENDOCRINOLOGY,98,3,46,100,Q1,5.355,1.485,0.57,6.8,0.0271,1.003,4.089,4.732,0.39,66.66666667,0,0,66.66666667,0,0,2,0,0,2,0,0
ECHOCARDIOGRAPHY-A JOURNAL OF CARDIOVASCULAR ULTRASOUND AND ALLIED TECHNIQUES,99,4,44,100,Q4,1.31,0.388,0.592475,5.8,0.0058,0.409,1.232,1.393,1.8175,75,0,0,75,0,0,3,0,0,3,0,0
DRUG AND ALCOHOL DEPENDENCE,100,2,41,100,Q1,4.222,1.492,0.57565,6.4,0.0406,0.709,3.559,3.951,0.405,50,0,0,50,0,0,1,0,0,1,0,0
STATISTICS IN MEDICINE,100,1,41,100,Q2,2.485,1.463,1.2125,14.2,0.0293,0.403,1.528,1.783,0.78,0,0,0,0,0,0,0,0,0,0,0,0
EUROPEAN JOURNAL OF CARDIOVASCULAR PREVENTION & REHABILITATION,102,2,40,100,N/A,n/a,n/a,0.5117,n/a,n/a,n/a,n/a,n/a,0.665,0,0,0,0,0,0,0,0,0,0,0,0
INTERNATIONAL JOURNAL OF CARDIOLOGY,102,1,40,100,Q2,3.804,1.171,1.9876,5,0.0682,1.216,3.045,3.229,2.24,100,0,0,100,0,0,1,0,0,1,0,0
INTERNATIONAL JOURNAL OF ENDOCRINOLOGY,104,1,39,100,Q3,2.613,0.602,1.1831,5,0.0072,0.265,2.252,2.299,1.82,100,0,100,0,100,0,1,0,1,0,1,0
CLINICAL JOURNAL OF THE AMERICAN SOCIETY OF NEPHROLOGY,105,2,38,100,Q1,6.436,2.367,1.20605,7.1,0.0325,1.856,6.309,6.628,0.6,100,100,0,0,100,0,2,2,0,0,2,0
AMERICAN JOURNAL OF GASTROENTEROLOGY,106,3,35,100,Q1,10.401,3.765,1.39,10,0.0375,2.083,9.641,10.171,0.816666667,100,0,0,100,0,0,3,0,0,3,0,0
HUMAN HEREDITY,107,1,34,100,Q4,1.521,0.743,0.7247,11.8,0.0011,0,0.444,0.444,1.31,100,100,0,100,0,0,1,1,0,1,0,0
JOURNAL OF MOLECULAR MEDICINE-JMM,107,2,34,100,Q1,4.989,1.3,0.40955,7.3,0.0092,0.937,4.392,4.427,0.46,50,0,0,50,0,0,1,0,0,1,0,0
AMERICAN REVIEW OF RESPIRATORY DISEASE,109,1,32,100,N/A,n/a,n/a,0.9469,n/a,n/a,n/a,n/a,n/a,0.45,0,0,0,0,0,0,0,0,0,0,0,0
EUROPEAN HEART JOURNAL-CARDIOVASCULAR IMAGING,109,3,32,100,Q1,6.709,2.419,1.348366667,4.3,0.0231,2.214,4.222,4.841,0.906666667,100,33.33333333,0,0,100,33.33333333,3,1,0,0,3,1
JOURNAL OF WOMENS HEALTH,109,4,32,100,Q1,2.499,1.042,0.66655,7.7,0.0105,0.607,1.842,1.933,0.4775,100,0,0,25,75,0,4,0,0,1,3,0
AUTONOMIC NEUROSCIENCE-BASIC & CLINICAL,112,1,31,100,Q4,2.41,0.695,0.7271,8.6,0.0037,0.556,2.112,2.2,2.05,100,0,0,100,0,0,1,0,0,1,0,0
JOURNAL OF STUDIES ON ALCOHOL AND DRUGS,112,1,31,100,Q2,2.946,1.153,0.9318,12.3,0.0078,1.603,2.35,2.448,0.79,0,0,0,0,0,0,0,0,0,0,0,0
FREE RADICAL BIOLOGY AND MEDICINE,114,1,30,100,Q1,6.456,1.449,1.2039,9.1,0.037,2.04,5.842,6.17,1,100,0,0,100,0,0,1,0,0,1,0,0
JOURNAL OF THE ACADEMY OF NUTRITION AND DIETETICS,115,2,29,100,Q2,4.909,1.29,0.67705,4.7,0.0124,0.971,3.495,4.151,0.52,100,0,0,100,0,0,2,0,0,2,0,0
JOURNAL OF THE AMERICAN SOCIETY OF HYPERTENSION,115,2,29,100,N/A,n/a,n/a,0.43325,n/a,n/a,n/a,n/a,n/a,0.845,100,0,0,100,0,0,2,0,0,2,0,0
JOURNAL OF BIOSOCIAL SCIENCE,117,1,28,100,Q3,1.204,0.352,2.2402,10.9,0.0012,0.877,1.043,1.207,3.73,100,0,0,100,0,0,1,0,0,1,0,0
JOURNAL OF PEDIATRICS,117,1,28,100,Q1,4.163,1.438,3.063,10,0.0419,0.968,3.501,3.7,1.67,100,0,0,100,0,0,1,0,0,1,0,0
AMERICAN JOURNAL OF MEDICINE,117,2,28,50,Q1,5.262,1.989,0.54485,14.6,0.0242,1.656,4.306,4.529,0.365,50,0,0,50,0,0,1,0,0,1,0,0
JOURNAL OF LABORATORY AND CLINICAL MEDICINE,120,1,27,100,N/A,n/a,n/a,0.8668,n/a,n/a,n/a,n/a,n/a,1.07,0,0,0,0,0,0,0,0,0,0,0,0
NUTRITION METABOLISM AND CARDIOVASCULAR DISEASES,120,2,27,100,Q2,3.758,0.949,0.73985,6.2,0.0088,0.737,3.552,3.7,0.86,100,0,0,100,0,0,2,0,0,2,0,0
FERTILITY AND STERILITY,122,2,26,100,Q1,5.692,1.638,0.5708,9.1,0.0392,1.517,5.627,6.312,0.44,100,50,0,50,0,0,2,1,0,1,0,0
NEPHROLOGY DIALYSIS TRANSPLANTATION,122,1,26,100,Q1,4.392,1.46,1.174,9,0.0278,1.97,4.288,4.531,0.96,100,100,0,0,100,0,1,1,0,0,1,0
MENOPAUSE-THE JOURNAL OF THE NORTH AMERICAN MENOPAUSE SOCIETY,124,4,25,100,Q1,2.98,0.759,0.75275,6.6,0.0078,1.052,2.68,3.305,0.5775,75,0,0,75,0,0,3,0,0,3,0,0
JOURNAL OF OCCUPATIONAL AND ENVIRONMENTAL MEDICINE,125,1,23,100,Q3,1.965,0.535,1.297,9.5,0.0072,0.293,1.439,1.644,1.83,0,0,0,0,0,0,0,0,0,0,0,0
KIDNEY & BLOOD PRESSURE RESEARCH,125,1,23,100,Q3,2.057,0.472,0.7874,4.9,0.0031,0.165,1.802,1.898,1.88,0,0,0,0,0,0,0,0,0,0,0,0
JOURNAL OF GENERAL INTERNAL MEDICINE,125,2,23,100,Q1,4.95,2.153,1.0248,11.1,0.027,0.95,4.236,4.597,0.715,50,0,0,0,50,0,1,0,0,0,1,0
OSTEOPOROSIS INTERNATIONAL,125,1,23,100,Q2,3.917,1.133,0.4391,8,0.0225,1.033,3.413,3.864,0.49,0,0,0,0,0,0,0,0,0,0,0,0
JOURNAL OF TRANSPORT & HEALTH,129,1,22,100,Q2,3.002,0.739,2.4959,2.8,0.004,0.979,1.897,2.418,1.8,100,0,0,100,100,0,1,0,0,1,1,0
SOCIAL SCIENCE RESEARCH,129,1,22,100,Q2,2.486,1.011,2.623,8.4,0.0081,0.276,1.819,1.959,1.21,0,0,0,0,0,0,0,0,0,0,0,0
JAMA PSYCHIATRY,129,1,22,100,Q1,18.334,7.729,2.0699,4.1,0.0561,5.736,16.996,17.471,0.47,100,100,0,100,0,0,1,1,0,1,0,0
ANNALS OF SURGERY,132,1,21,100,Q1,9.306,3.166,6.3294,10.2,0.0614,5.007,9.408,10.13,1.54,100,0,0,100,0,0,1,0,0,1,0,0
JOURNAL OF NUTRITION HEALTH & AGING,132,1,21,100,Q3,3.021,0.75,1.452,6.8,0.0073,0.633,2.394,2.791,1.58,100,0,0,100,0,0,1,0,0,1,0,0
TRANSLATIONAL PSYCHIATRY,132,2,21,100,Q1,5.904,1.96,1.73835,3.7,0.0295,0.879,5.104,5.28,1.065,100,0,100,0,100,0,2,0,2,0,2,0
MOLECULAR PSYCHIATRY,135,1,20,100,Q1,12.455,4.712,3.6903,5.3,0.0547,6.876,12.08,12.384,1.05,0,0,0,0,0,0,0,0,0,0,0,0
NEUROIMAGE,135,1,20,100,Q1,6.682,2.24,1.2745,8.4,0.1254,1.532,4.982,5.902,0.71,100,0,0,100,0,0,1,0,0,1,0,0
FRONTIERS IN PHARMACOLOGY,135,1,20,100,Q1,4.604,0.982,0.9989,2.6,0.0423,0.629,4.015,4.225,1.01,100,0,100,0,100,0,1,0,1,0,1,0
EUROPEAN RESPIRATORY JOURNAL,138,1,19,100,Q1,11.706,3.945,0.7484,7.7,0.063,4.858,11.218,12.339,0.4,100,100,0,100,100,0,1,1,0,1,1,0
SLEEP MEDICINE,138,1,19,100,Q2,3.787,1.098,1.1093,6.8,0.0165,0.715,2.784,3.038,0.89,100,0,0,100,0,0,1,0,0,1,0,0
ANNALS OF CLINICAL RESEARCH,140,1,18,100,N/A,n/a,n/a,0.6035,n/a,n/a,n/a,n/a,n/a,1.04,0,0,0,0,0,0,0,0,0,0,0,0
BMJ OPEN,140,2,18,100,Q2,2.992,1.035,0.44135,3.5,0.1255,0.336,2.312,2.496,0.575,100,0,100,0,100,0,2,0,2,0,2,0
JOURNAL OF THE AMERICAN COLLEGE OF NUTRITION,142,1,17,100,Q3,2.524,0.557,0.4919,13.4,0.0026,0.916,2.194,2.297,0.58,0,0,0,0,0,0,0,0,0,0,0,0
MATURITAS,142,2,17,100,Q1,3.744,0.963,1.1829,6.7,0.0107,0.724,3.494,3.63,1.295,100,0,0,100,0,0,2,0,0,2,0,0
KIDNEY INTERNATIONAL,142,2,17,100,Q1,8.967,2.988,1.51075,11.5,0.0441,2.577,8.501,8.945,0.54,100,0,0,100,0,0,2,0,0,2,0,0
ADDICTION,142,3,17,66.66666667,Q1,6.579,2.519,0.729666667,9,0.0308,2.297,5.998,6.343,0.42,100,0,0,66.66666667,33.33333333,0,3,0,0,2,1,0
EUROPEAN JOURNAL OF NUTRITION,142,1,17,100,Q1,4.348,0.939,1.4284,3.9,0.0121,2.368,4.51,4.664,1.25,100,0,0,100,0,0,1,0,0,1,0,0
GASTROENTEROLOGY,147,1,16,100,Q1,18.785,6.597,1.5273,9.1,0.104,5.583,16.642,17.373,0.4,100,0,0,100,0,0,1,0,0,1,0,0
AMERICAN JOURNAL OF NEPHROLOGY,147,1,16,100,Q1,3.369,1.137,0.7076,7.4,0.0077,0.626,3.34,3.411,0.71,100,100,0,0,100,0,1,1,0,0,1,0
HUMAN MOLECULAR GENETICS,147,1,16,100,Q1,5.361,2.091,0.3643,8.7,0.0642,1.438,4.95,5.1,0.22,100,100,0,0,100,0,1,1,0,0,1,0
INTERNATIONAL JOURNAL OF BEHAVIORAL MEDICINE,150,1,15,100,Q2,2.213,0.643,0.3981,8.1,0.0037,0.254,1.806,2.139,0.62,0,0,0,0,0,0,0,0,0,0,0,0
INFLAMMATION RESEARCH,150,1,15,100,Q3,3.057,0.711,0.5206,7.6,0.0044,0.969,3.126,3.174,0.93,100,0,0,100,0,0,1,0,0,1,0,0
BMJ OPEN DIABETES RESEARCH & CARE,150,2,15,100,Q3,n/a,n/a,0.5728,3.2,0.0045,0.22,3.118,3.183,0.825,100,0,100,0,100,0,2,0,2,0,2,0
ANNALS OF FAMILY MEDICINE,150,1,15,100,Q1,6.347,2.645,0.8596,7.4,0.0109,1.614,4.482,4.686,0.28,100,100,0,0,100,0,1,1,0,0,1,0
INTERNATIONAL JOURNAL OF HEALTH CARE FINANCE & ECONOMICS,154,1,14,100,N/A,n/a,n/a,0.7712,n/a,n/a,n/a,n/a,n/a,1.77,100,0,0,100,0,0,1,0,0,1,0,0
JOURNAL OF ASTHMA,154,1,14,100,Q3,1.954,0.547,0.7051,7,0.005,1,1.728,1.899,1.31,100,0,0,100,0,0,1,0,0,1,0,0
SCIENTIFIC REPORTS,154,1,14,100,Q1,4.576,1.263,0.8197,3.1,1.2312,0.527,3.788,3.998,0.63,100,0,100,0,100,0,1,0,1,0,1,0
CIRCULATION-ARRHYTHMIA AND ELECTROPHYSIOLOGY,157,1,13,100,Q1,5.112,1.963,0.646,5.6,0.0166,1.029,3.996,4.393,0.47,100,100,0,100,0,0,1,1,0,1,0,0
JOURNAL OF EXPOSURE SCIENCE AND ENVIRONMENTAL EPIDEMIOLOGY,157,1,13,100,Q1,3.49,0.917,0.8163,8.2,0.0045,1.987,3.374,3.531,0.77,100,100,0,100,0,0,1,1,0,1,0,0
BLOOD,157,1,13,100,Q1,14.823,4.979,1.2983,9.1,0.2053,3.19,16.722,17.543,0.41,100,100,0,0,100,0,1,1,0,0,1,0
JOURNAL OF INVESTIGATIVE MEDICINE,160,1,12,100,Q2,2.368,0.663,0.2592,6.7,0.0029,0.565,2.266,2.304,0.48,0,0,0,0,0,0,0,0,0,0,0,0
JOURNAL OF CLINICAL HYPERTENSION,161,2,11,100,Q2,2.696,0.768,1.35715,5.5,0.007,0.984,2.195,2.719,2.26,100,50,0,100,0,0,2,1,0,2,0,0
LIVER INTERNATIONAL,161,2,11,100,Q1,4.265,1.317,0.84535,4.9,0.0202,1.409,4.949,5.175,0.705,100,0,0,100,0,0,2,0,0,2,0,0
EUROPEAN JOURNAL OF PREVENTIVE CARDIOLOGY,161,2,11,100,Q1,4.936,1.34,0.26305,3.3,0.0154,2.593,3.718,5.864,0.315,100,0,0,100,0,0,2,0,0,2,0,0
NEUROTOXICOLOGY,161,1,11,100,Q2,3.43,0.767,0.6734,7.9,0.0071,0.794,2.966,3.105,0.57,100,0,0,100,0,0,1,0,0,1,0,0
JOURNAL OF SPINAL CORD MEDICINE,161,1,11,100,Q3,2.031,0.51,0.6422,7.8,0.0027,0.898,1.534,1.816,1.2,100,0,0,0,100,0,1,0,0,0,1,0
ANNALS OF HUMAN GENETICS,161,1,11,100,Q4,1.442,0.474,0.2933,12.7,0.0013,0.619,1.368,1.368,0.72,100,0,0,100,0,0,1,0,0,1,0,0
PUBLIC HEALTH REPORTS,167,1,9,100,Q2,2.7,1.254,0.2753,12.4,0.0077,0.571,1.698,1.764,0.37,0,0,0,0,0,0,0,0,0,0,0,0
CLINICAL INFECTIOUS DISEASES,167,1,9,100,Q1,8.845,3.806,0.3269,8.3,0.1238,3.461,7.858,8.313,0.13,100,100,0,0,100,0,1,1,0,0,1,0
DIABETIC MEDICINE,167,1,9,100,Q3,3.253,1.043,0.4305,9.4,0.014,1.305,2.774,3.083,0.65,100,0,0,100,0,0,1,0,0,1,0,0
AMERICAN JOURNAL OF HEALTH BEHAVIOR,167,1,9,100,Q3,1.931,0.564,0.664,8.5,0.003,0.371,1.118,1.224,0.89,100,0,0,100,0,0,1,0,0,1,0,0
NUTRITION AND CANCER-AN INTERNATIONAL JOURNAL,167,1,9,100,Q3,2.533,0.497,0.1822,8.8,0.0044,0.626,2.285,2.363,0.29,0,0,0,0,0,0,0,0,0,0,0,0
ENVIRONMENTAL SCIENCE AND POLLUTION RESEARCH,172,1,8,100,Q2,3.306,0.522,0.3483,3.4,0.0729,0.766,2.628,3.056,0.37,100,0,0,100,0,0,1,0,0,1,0,0
BMC PUBLIC HEALTH,173,1,7,100,Q2,3.182,0.964,0.4586,6,0.0755,0.31,2.365,2.521,0.38,100,0,100,0,100,0,1,0,1,0,1,0
JOURNAL OF ELECTROCARDIOLOGY,173,1,7,100,Q4,1.147,0.312,0.282,7.9,0.0033,0.269,0.74,0.944,0.72,100,0,0,100,0,0,1,0,0,1,0,0
AUSTRALIAN JOURNAL OF DAIRY TECHNOLOGY,175,1,6,100,N/A,n/a,n/a,0.2314,n/a,n/a,n/a,n/a,n/a,0.45,0,0,0,0,0,0,0,0,0,0,0,0
MOLECULAR GENETICS AND METABOLISM,175,1,6,100,Q1,3.953,1.176,0.181,7.7,0.0101,1.043,3.893,4.17,0.23,100,0,0,100,0,0,1,0,0,1,0,0
ANNALS OF NUTRITION AND METABOLISM,175,1,6,100,Q3,3.811,1.033,0.1954,6.7,0.0059,0.831,2.785,2.848,0.45,100,100,0,0,100,0,1,1,0,0,1,0
FRONTIERS IN PUBLIC HEALTH,175,1,6,100,Q2,n/a,n/a,0.7011,3,0.0126,0.355,2.361,2.483,0.98,100,0,100,0,100,0,1,0,1,0,1,0
JOURNAL OF URBAN HEALTH-BULLETIN OF THE NEW YORK ACADEMY OF MEDICINE,179,1,5,100,Q2,2.818,1.075,0.3276,8.9,0.0056,0.892,2.227,2.356,0.3,100,0,0,0,100,0,1,0,0,0,1,0
THORAX,179,1,5,100,Q1,8.937,3.207,0.5499,10,0.0271,2.322,8.417,8.834,0.22,100,0,0,100,0,0,1,0,0,1,0,0
PAEDIATRIC AND PERINATAL EPIDEMIOLOGY,179,1,5,100,Q1,3.227,1.3,0.2609,8.4,0.0047,1.28,2.602,2.917,0.24,100,0,0,100,0,0,1,0,0,1,0,0
DIABETES OBESITY & METABOLISM,179,1,5,100,Q1,5.734,1.667,2.3311,4.3,0.0235,1.898,5.254,5.9,1.54,100,0,0,100,0,0,1,0,0,1,0,0
GROWTH HORMONE & IGF RESEARCH,179,1,5,100,Q4,1.956,0.517,0.1199,9.5,0.0016,0.467,1.529,1.618,0.34,100,0,0,100,0,0,1,0,0,1,0,0
JOURNAL OF DUAL DIAGNOSIS,179,1,5,100,Q3,1.725,0.523,0.7251,4.8,0.001,0.118,1.185,1.231,1.6,100,0,0,100,0,0,1,0,0,1,0,0
NEUROPSYCHOPHARMACOLOGY,185,1,4,100,Q1,6.887,2.362,0.1801,7.9,0.0407,2.77,6.491,6.751,0.08,100,100,0,0,100,0,1,1,0,0,1,0
METABOLIC SYNDROME AND RELATED DISORDERS,185,2,4,50,Q4,2.009,0.458,0.10145,6.1,0.002,0.322,1.614,1.654,0.19,100,0,0,0,100,0,2,0,0,0,2,0
ETHNICITY & DISEASE,185,1,4,100,Q4,1.491,0.539,0.1854,10.6,0.0022,0.987,1.132,1.228,0.47,0,0,0,0,0,0,0,0,0,0,0,0
JOURNAL OF RENAL NUTRITION,185,1,4,100,Q2,2.881,0.732,2.1811,6.8,0.0027,1.531,2.549,2.929,2.17,0,0,0,0,0,0,0,0,0,0,0,0
FRONTIERS IN CARDIOVASCULAR MEDICINE,185,1,4,100,Q2,n/a,n/a,0.427,2,0.004,0.554,3.802,3.915,0.56,100,0,100,0,100,0,1,0,1,0,1,0
CLINICAL AUTONOMIC RESEARCH,185,1,4,100,Q2,2.156,0.645,0.1009,8.9,0.0019,2.442,2.489,2.968,0.33,100,100,0,0,100,0,1,1,0,0,1,0
PUBLIC HEALTH NUTRITION,185,2,4,100,Q2,3.341,0.953,0.06205,7.5,0.0207,0.991,2.977,3.182,0.065,100,100,0,50,0,0,2,2,0,1,0,0
INTERNATIONAL JOURNAL OF CLINICAL PRACTICE,185,1,4,100,Q2,2.256,0.612,0.2259,8.9,0.0049,1.044,2.29,2.444,0.26,0,0,0,0,0,0,0,0,0,0,0,0
JOURNAL OF HEPATOLOGY,185,1,4,100,Q1,15.835,4.884,1.6596,5.7,0.082,5.387,19.541,20.582,0.41,100,0,0,100,0,0,1,0,0,1,0,0
GENETIC EPIDEMIOLOGY,194,1,3,100,Q2,2.715,1.569,0.0654,8.3,0.0067,0.516,1.669,1.954,0.15,0,0,0,0,0,0,0,0,0,0,0,0
RESPIRATORY MEDICINE,194,1,3,100,Q2,3.475,0.959,0.1115,8.3,0.0135,0.623,2.965,3.095,0.12,100,0,0,100,0,0,1,0,0,1,0,0
NEUROIMAGE-CLINICAL,194,1,3,100,Q2,4.791,1.535,0.4857,3.4,0.0271,0.566,4.009,4.35,0.46,100,0,100,0,100,0,1,0,1,0,1,0
HYPERTENSION RESEARCH,194,1,3,100,Q2,2.778,0.69,0.4948,8.1,0.0053,0.856,2.193,2.941,0.99,100,0,0,100,0,0,1,0,0,1,0,0
NEUROPSYCHOLOGY,194,1,3,100,Q2,3.058,1.067,0.7216,10.6,0.0062,0.463,2.402,2.506,0.73,100,100,0,100,0,0,1,1,0,1,0,0
JOURNAL OF BEHAVIORAL MEDICINE,194,1,3,100,Q2,3.599,1.201,0.0818,10.4,0.0071,0.905,2.887,2.988,0.08,0,0,0,0,0,0,0,0,0,0,0,0
BMC MEDICAL RESEARCH METHODOLOGY,194,1,3,100,Q1,4.837,1.941,0.3471,7.7,0.0186,0.396,2.909,3.031,0.32,100,0,100,0,100,0,1,0,1,0,1,0
NUCLEIC ACIDS RESEARCH,194,1,3,100,Q1,11.797,4.723,0.1156,7.2,0.4035,4.184,10.84,11.501,0.05,100,0,100,0,100,0,1,0,1,0,1,0
JOURNAL OF DIABETES AND ITS COMPLICATIONS,194,2,3,50,Q3,2.899,0.817,0.6993,4.9,0.0106,0.618,2.702,2.781,1.275,100,0,0,100,0,0,2,0,0,2,0,0
BJOG-AN INTERNATIONAL JOURNAL OF OBSTETRICS AND GYNAECOLOGY,203,2,2,50,Q1,5.251,1.866,0.29875,9.7,0.0228,2.312,4.444,4.663,0.18,100,100,0,50,0,0,2,2,0,1,0,0
PATIENT-PATIENT CENTERED OUTCOMES RESEARCH,203,1,2,100,Q1,3.462,1.251,0.0741,4.5,0.004,0.52,2.896,3.226,0.16,0,0,0,0,0,0,0,0,0,0,0,0
BRAIN AND BEHAVIOR,203,1,2,100,Q3,2.381,0.69,0.2665,3.2,0.0077,0.345,2.065,2.091,0.36,100,0,100,0,100,0,1,0,1,0,1,0
CIRCULATION-HEART FAILURE,203,1,2,100,Q1,6.548,2.806,0.8425,5.8,0.0185,1.171,5.856,6.033,0.58,0,0,0,0,0,0,0,0,0,0,0,0
SOCIOLOGY OF RACE AND ETHNICITY,203,1,2,100,Q1,2.766,1.285,3.113,3.5,0.0024,0.526,1.806,1.972,2.05,0,0,0,0,0,0,0,0,0,0,0,0
INTERNATIONAL JOURNAL OF INJURY CONTROL AND SAFETY PROMOTION,208,1,1,100,Q3,1.301,0.314,0.1683,5.9,0.001,0.453,1.198,1.342,0.34,100,0,0,100,0,0,1,0,0,1,0,0
FRONTIERS IN NEUROLOGY,208,1,1,100,Q2,3.164,0.898,0.1958,2.7,0.0283,0.45,2.679,2.889,0.28,100,0,100,0,100,0,1,0,1,0,1,0
JOURNAL OF HEALTH AND SOCIAL BEHAVIOR,208,1,1,100,Q1,3.675,1.535,0.3693,20.5,0.003,0.233,2.313,2.418,0.22,100,0,0,100,0,0,1,0,0,1,0,0
JOURNAL OF CEREBRAL BLOOD FLOW AND METABOLISM,208,1,1,100,Q1,5.787,1.718,0.4575,8.3,0.0242,2.285,5.367,5.681,0.29,0,0,0,0,0,0,0,0,0,0,0,0
JOURNAL OF PHYSICAL ACTIVITY & HEALTH,208,1,1,100,Q2,2.266,0.592,0.2911,6.6,0.0073,0.345,1.898,1.993,0.34,0,0,0,0,0,0,0,0,0,0,0,0
PREVENTION OF ATHEROSCLEROSIS AND HYPERTENSION BEGINNING IN YOUTH,213,1,0,0,N/A,n/a,n/a,0,n/a,n/a,n/a,n/a,n/a,0,0,0,0,0,0,0,0,0,0,0,0,0
PREGNANCY HYPERTENSION-AN INTERNATIONAL JOURNAL OF WOMENS CARDIOVASCULAR HEALTH,213,1,0,0,Q2,2.761,0.868,0,3.9,0.0038,0.338,1.918,2.095,0,100,0,0,100,0,0,1,0,0,1,0,0
CLINICAL EPIGENETICS,213,1,0,0,Q1,5.695,1.487,0,3.3,0.0106,0.893,4.707,5.028,0,100,0,100,0,100,0,1,0,1,0,1,0
JOURNAL OF THE AMERICAN PHARMACISTS ASSOCIATION,213,1,0,0,Q2,2.493,0.538,0,7.2,0.003,0.457,2.193,2.772,0,0,0,0,0,0,0,0,0,0,0,0,0
AMERICAN JOURNAL OF NEURORADIOLOGY,213,1,0,0,Q1,3.853,1.176,0,9.5,0.0271,0.541,3.074,3.381,0,100,0,0,0,0,100,1,0,0,0,0,1
NICOTINE & TOBACCO RESEARCH,213,1,0,0,Q1,4.138,1.45,0,5.6,0.0209,2.385,3.727,4.079,0,100,0,0,0,100,0,1,0,0,0,1,0
